datum,I_d,inc_I_d,cum_I_d,D,inc_D,T
2020-02-26,0.0,0.0,0.0,0.0,0.0,0
2020-02-27,0.0,0.0,0.0,0.0,0.0,1
2020-02-28,0.0,0.0,0.0,0.0,0.0,2
2020-02-29,0.0,0.0,0.0,0.0,0.0,3
2020-03-01,0.006904760566111198,0.006904760566111198,0.006904760566111198,0.0,0.0,4
2020-03-02,0.006904760566111198,0.0,0.006904760566111198,0.0,0.0,5
2020-03-03,0.01266630185183392,0.005761541285722722,0.01266630185183392,0.0,0.0,6
2020-03-04,0.01266630185183392,0.0,0.01266630185183392,0.0,0.0,7
2020-03-05,0.029950925709002086,0.017284623857168162,0.029950925709002086,0.0,0.0,8
2020-03-06,0.052298414102571134,0.022347488393569044,0.052298414102571134,0.0,0.0,9
2020-03-07,0.07132677447980977,0.01902836037723863,0.07132677447980977,0.0,0.0,10
2020-03-08,0.10742463665200022,0.03609786217219048,0.10742463665200022,0.0,0.0,11
2020-03-09,0.11885168859775885,0.011427051945758614,0.11885168859775885,0.0,0.0,12
2020-03-10,0.19388537082438448,0.0750336822266256,0.19388537082438448,0.0,0.0,13
2020-03-11,0.3505991764682841,0.1567138056438997,0.3505991764682841,0.0,0.0,14
2020-03-12,0.4042501068726085,0.05365093040432437,0.4042501068726085,0.0,0.0,15
2020-03-13,0.4874275974923716,0.08317749061976311,0.4874275974923716,0.0,0.0,16
2020-03-14,0.6512727653281789,0.16384516783580744,0.6512727653281789,0.0,0.0,17
2020-03-15,1.0058019552288258,0.3718138137578149,1.023086579085994,0.0,0.0,18
2020-03-16,1.347653605519634,0.3469749802452383,1.3700615593312329,0.0,0.0,19
2020-03-17,1.5736922938338445,0.2260386883142106,1.5961002476454431,0.0,0.0,20
2020-03-18,1.986365155409104,0.4126728615752589,2.0087731092207033,0.0,0.0,21
2020-03-19,2.6969851930905824,0.714524163833842,2.7232972730545444,0.0,0.0,22
2020-03-20,3.1932505586602504,0.5091541733232735,3.2324514463778184,0.0,0.0,23
2020-03-21,3.658677922021333,0.4682854115620554,3.7007368579398734,0.0,0.0,24
2020-03-22,4.091092500579022,0.4329861881978817,4.1337230461377565,0.0005716096401942384,0.0005716096401942384,25
2020-03-23,4.525534693847563,0.4470765798285122,4.580799625966264,0.0005716096401942384,0.0,26
2020-03-24,5.221575262831627,0.7063080017904794,5.287107627756745,0.0011432192803884768,0.0005716096401942384,27
2020-03-25,6.447742885759438,1.2490696985682666,6.536177326325013,0.015455284093234475,0.014312064812845996,28
2020-03-26,7.625768818687381,1.2359849325744334,7.772162258899447,0.015455284093234475,0.0,29
2020-03-27,9.106541540949195,1.5305294673247678,9.30269172622421,0.01659850337362295,0.0011432192803884765,30
2020-03-28,10.407994048685646,1.3415529465427023,10.644244672766916,0.029668833507213818,0.013070330133590866,31
2020-03-29,10.980802470078087,0.6605708517820045,11.30481552454892,0.053409468666177976,0.023740635158964157,32
2020-03-30,11.824081758481721,0.9495285358771836,12.2543440604261,0.05993993384006253,0.006530465173884551,33
2020-03-31,13.298149888396887,1.5909148007101734,13.845258861136276,0.08693194758546842,0.026992013745405902,34
2020-04-01,14.269252051318158,1.2145892195931658,15.059848080729447,0.11662591649948748,0.029693968914019056,35
2020-04-02,15.193277117072544,1.1263451014620092,16.186193182191452,0.1378671320468699,0.021241215547382404,36
2020-04-03,16.476104009166946,1.5736021791199697,17.759795361311415,0.1705731929616257,0.032706060914755815,37
2020-04-04,17.703789520474825,1.3683382508004316,19.128133612111846,0.19940499617180904,0.028831803210183374,38
2020-04-05,18.014633997627584,0.5297505189220704,19.65788413103392,0.22694897380515955,0.027543977633350487,39
2020-04-06,18.774782145085865,1.0843233048222756,20.742207435856212,0.24902491667563145,0.02207594287047196,40
2020-04-07,19.27728237694279,1.0064448122774308,21.748652248133634,0.2946371415047895,0.045612224829158,41
2020-04-08,20.371796650132545,1.5555511561148598,23.30420340424849,0.34638964914875525,0.05175250764396569,42
2020-04-09,20.722065121624297,1.1220296953768811,24.426233099625374,0.4098982535952074,0.06350860444645215,43
2020-04-10,20.844756525098752,0.7950307671241734,25.22126386674955,0.4458698061319401,0.035971552536732565,44
2020-04-11,21.110070205426194,0.9136805534866111,26.13494442023616,0.4852646823922525,0.03939487626031255,45
2020-04-12,21.01693236830741,0.4389817107394655,26.57392613097562,0.5406297871075413,0.055365104715288806,46
2020-04-13,20.78647434117249,0.3591744925317612,26.9331006235074,0.5865899020228579,0.045960114915316916,47
2020-04-14,20.47249917478539,0.4152234576085324,27.348324081115923,0.6337371519424443,0.04714724991958633,48
2020-04-15,20.293715413280513,0.7329672842252115,28.081291365341123,0.6337371519424443,0.0,49
2020-04-16,19.77622188398608,0.6420429897365524,28.723334355077682,0.642741361746323,0.009004209803878787,50
2020-04-17,18.812279981986368,0.5235429709499224,29.246877326027604,0.6912305522008679,0.048489190454544924,51
2020-04-18,18.51299780115165,0.4183948036808401,29.66527212970845,0.6966670622580434,0.005436510057175532,52
2020-04-19,18.479140820985208,0.6083641430655544,30.27363627277401,0.7317839520749134,0.0351168898168698,53
2020-04-20,17.880354114513377,0.6151245451462086,30.888760817920197,0.7441599090974329,0.01237595702251942,54
2020-04-21,17.509834544886086,0.6231282295535577,31.511889047473755,0.7833292666548292,0.039169357557396006,55
2020-04-22,16.53463944596594,0.4447030064402831,31.956592053914036,0.7946847678678374,0.01135550121300815,56
2020-04-23,15.621441381395044,0.3151347100479405,32.271726763961986,0.8075099742495842,0.012825206381746987,57
2020-04-24,14.696420179252868,0.3897108223558303,32.661437586317824,0.8310854519972153,0.023575477747630948,58
2020-04-25,14.293304746559752,0.4390225765000533,33.10046016281786,0.8427285748094661,0.011643122812250878,59
2020-04-26,14.071291985293222,0.2968527431138317,33.3973129059317,0.8655756918141315,0.022847117004665483,60
2020-04-27,13.342168027187721,0.2140544220838012,33.6113673280155,0.8718272205147012,0.006251528700569704,61
2020-04-28,12.732509879497744,0.2507172405738832,33.862084568589374,0.8936064035380351,0.021779183023334037,62
2020-04-29,11.914937089403756,0.22688919250964346,34.08897376109902,0.9171925926041724,0.02358618906613711,63
2020-04-30,11.141321047351806,0.2636217111812728,34.352595472280285,0.9645796483832394,0.04738705577906715,64
2020-05-01,10.695290655829837,0.18584542944036694,34.53844090172067,1.0103803291980495,0.045800680814810125,65
2020-05-02,10.17420596384225,0.11226174265852024,34.650702644379194,1.0170562180204992,0.006675888822449701,66
2020-05-03,9.682503924257649,0.13037196934571674,34.781074613724904,1.0289833288737014,0.011927110853202395,67
2020-05-04,9.002892550256789,0.11418279769098395,34.89525741141588,1.0588679420071592,0.029884613133457718,68
2020-05-05,8.590762221677041,0.3260379483394657,35.22129535975535,1.0769730744731,0.018105132465940657,69
2020-05-06,8.102472390274706,0.3940846844769793,35.61538004423233,1.0924045884128386,0.015431513939738637,70
2020-05-07,7.394594674606927,0.20691152844080826,35.82229157267314,1.1145708948389297,0.022166306426090986,71
2020-05-08,7.230305101172718,0.2012377018260348,36.023529274499175,1.138365710875656,0.023794816036726237,72
2020-05-09,6.8213746555628925,0.037275369994526485,36.06080464449371,1.147108903066283,0.008743192190627554,73
2020-05-10,6.651247762673059,0.11607260128004936,36.17687724577375,1.1542528603010143,0.007143957234730923,74
2020-05-11,6.2632290088366895,0.2121089458749293,36.38898619164868,1.1713958859609328,0.01714302565991871,75
2020-05-12,5.913107785759507,0.17955315615247014,36.568539347801156,1.195910633612233,0.02451474765129999,76
2020-05-13,5.424240274881356,0.16827588649285455,36.736815234294,1.2279725922354556,0.032061958623222864,77
2020-05-14,5.288439667304787,0.3507935613400086,37.087608795634004,1.2409598110391908,0.012987218803735129,78
2020-05-15,5.122095188405871,0.2158548188265653,37.30346361446059,1.2491313935896242,0.008171582550433338,79
2020-05-16,5.037948815120014,0.12722151884176225,37.43068513330235,1.2497030032298184,0.0005716096401942335,80
2020-05-17,4.7416656176462295,0.02629527896115296,37.456980412263505,1.2639040095433958,0.014201006313577312,81
2020-05-18,4.567201331487939,0.23468319252491984,37.691663604788424,1.2767322340566871,0.012828224513291507,82
2020-05-19,4.40710044211358,0.08875689487522985,37.78042049966364,1.2859794908172604,0.00924725676057351,83
2020-05-20,4.038825955568155,0.14972548561346585,37.93014598527712,1.3131390301257715,0.027159539308510918,84
2020-05-21,3.7598093503778296,0.12041392000651263,38.050559905283635,1.3265631330808847,0.013424102955113178,85
2020-05-22,3.5226702728535493,0.1300593313421311,38.180619236625745,1.331219775043743,0.00465664196285817,86
2020-05-23,3.4528029856851585,0.12824725899733613,38.30886649562309,1.33553542139644,0.00431564635269728,87
2020-05-24,3.342012027734448,0.07810789442816075,38.38697439005125,1.3378637423778692,0.002328320981429085,88
2020-05-25,3.0001915011689837,0.08894052072010722,38.475914910771365,1.3460353249283026,0.008171582550433338,89
2020-05-26,2.7565257571355795,0.06758760777123347,38.5435025185426,1.3483636459097317,0.002328320981429085,90
2020-05-27,2.4762607163691834,0.0684200637929978,38.6119225823356,1.3483636459097317,0.0,91
2020-05-28,2.423581226775716,0.1339597009555125,38.74588228329111,1.357106838100359,0.008743192190627577,92
2020-05-29,2.255866803767357,0.13189809971471245,38.87778038300582,1.357106838100359,0.0,93
2020-05-30,2.1711222020254044,0.05655778634489365,38.93433816935071,1.357106838100359,0.0,94
2020-05-31,2.16043121223442,0.06748692433914083,39.00182509368985,1.357106838100359,0.0,95
2020-06-01,2.044365033399922,0.03636590247126364,39.03819099616112,1.3610423307583464,0.003935492657987407,96
2020-06-02,1.9083537408467228,0.16295561064533848,39.201146606806454,1.3653579771110438,0.00431564635269728,97
2020-06-03,1.7889464870539205,0.12856869964110065,39.32971530644755,1.368721860128837,0.0033638830177931674,98
2020-06-04,1.7596006276713436,0.14699513358418248,39.476710440031745,1.378126925489209,0.009405065360372144,99
2020-06-05,1.6392961960782588,0.07268336186274506,39.549393801894496,1.378126925489209,0.0,100
2020-06-06,1.6940447150158895,0.11944894667644768,39.66884274857094,1.378126925489209,0.0,101
2020-06-07,1.7311772167949182,0.11556807508572338,39.78441082365666,1.383058535897085,0.004931610407876235,102
2020-06-08,1.6378430778179545,0.1006812683808484,39.88509209203749,1.383058535897085,0.0,103
2020-06-09,1.5836282977037006,0.05908118741805622,39.94417327945556,1.3912301184475184,0.008171582550433291,104
2020-06-10,1.5800175563464565,0.14535862836102625,40.08953190781658,1.3931950882428763,0.001964969795357968,105
2020-06-11,1.6100743444083023,0.13105613149488826,40.22058803931147,1.3937666978830707,0.0005716096401942397,106
2020-06-12,1.6027817312725912,0.09226406874707443,40.312852108058536,1.3937666978830707,0.0,107
2020-06-13,1.6700464319516826,0.09176635922291036,40.40461846728145,1.3937666978830707,0.0,108
2020-06-14,1.7339635353449852,0.08963488668490968,40.49425335396636,1.3937666978830707,0.0,109
2020-06-15,1.7343438460638605,0.08220389371618196,40.57645724768254,1.3957316676784286,0.001964969795357967,110
2020-06-16,1.7631616113702655,0.13397789175117822,40.71043513943371,1.3957316676784286,0.0,111
2020-06-17,1.697190360671626,0.05164582773021032,40.76208096716393,1.3989155863410037,0.0031839186625748305,112
2020-06-18,1.6627596525730994,0.07675763731972585,40.838838604483655,1.4026711146437725,0.003755528302769058,113
2020-06-19,1.679250683372575,0.20291601140920765,41.041754615892856,1.4109340461861315,0.008262931542358902,114
2020-06-20,1.7306645001235148,0.07390882658887563,41.115663442481726,1.411505655826326,0.0005716096401942275,115
2020-06-21,1.9172425509323152,0.19532681055364493,41.310990253035385,1.41207726546652,0.0005716096401942514,116
2020-06-22,1.974350222047332,0.18217726578635196,41.493167518821735,1.41207726546652,0.0,117
2020-06-23,2.0282522988861658,0.1662795058164178,41.65944702463817,1.41207726546652,0.0,118
2020-06-24,2.1421923461286574,0.2575084321526473,41.916955456790795,1.4169760130496776,0.004898747583157536,119
2020-06-25,2.120161361337426,0.16040017217098584,42.07735562896178,1.4169760130496776,0.0,120
2020-06-26,2.184713716745982,0.20593283777839155,42.28328846674017,1.4193043340311065,0.002328320981429085,121
2020-06-27,2.2704283977565325,0.12082693916172613,42.404115405901905,1.4224882526936815,0.0031839186625748305,122
2020-06-28,2.3752149876848767,0.13265358629413554,42.536768992196045,1.4224882526936815,0.0,123
2020-06-29,2.4210793252472977,0.13695881811197474,42.67372781030801,1.4224882526936815,0.0,124
2020-06-30,2.4513657612964685,0.14123860431872687,42.814966414626724,1.4224882526936815,0.0,125
2020-07-01,2.4339113584325407,0.20582558561872047,43.02079200024546,1.4224882526936815,0.0,126
2020-07-02,2.466882076575168,0.1961352051948773,43.21692720544034,1.4230598623338755,0.0005716096401942397,127
2020-07-03,2.627139419579741,0.2747241238421146,43.491651329282455,1.4230598623338755,0.0,128
2020-07-04,2.792430293641537,0.2429606565642164,43.734611985846655,1.4236314719740704,0.0005716096401942275,129
2020-07-05,2.881673339392375,0.12513286509297805,43.859744850939634,1.4247746912544588,0.001143219280388479,130
2020-07-06,2.8750111166680754,0.052447509167045984,43.91219236010668,1.4253463008946528,0.0005716096401942397,131
2020-07-07,2.9830373785597954,0.32026566651208843,44.23245802661879,1.4253463008946528,0.0,132
2020-07-08,2.8258145834367534,0.22844025548305344,44.46089828210186,1.4253463008946528,0.0,133
2020-07-09,2.7117747775232015,0.2692704445279776,44.73016872662983,1.4253463008946528,0.0,134
2020-07-10,2.648838047768131,0.3114051541144867,45.04157388074432,1.4253463008946528,0.0,135
2020-07-11,2.6562314407605627,0.08189549084053832,45.12346937158486,1.4253463008946528,0.0,136
2020-07-12,2.661429453379768,0.09661270129445727,45.220082072879315,1.4253463008946528,0.0,137
2020-07-13,2.5036029775283124,0.14419048160464398,45.36427255448396,1.4253463008946528,0.0,138
2020-07-14,2.6083569342576043,0.31678664809159995,45.68105920257555,1.4319186484891897,0.0065723475945366795,139
2020-07-15,2.7943774125168086,0.3997314870018164,46.08079068957736,1.4319186484891897,0.0,140
2020-07-16,3.0746744757731364,0.4477285349904661,46.52851922456782,1.4319186484891897,0.0,141
2020-07-17,3.3237319261603897,0.4977694923845059,47.02628871695232,1.4390835862452136,0.00716493775602405,142
2020-07-18,3.4045751161114435,0.18126321193960174,47.20755192889194,1.4390835862452136,0.0,143
2020-07-19,3.5361529396421933,0.22506915043559853,47.43262107932753,1.4465733649308112,0.007489778685597375,144
2020-07-20,3.7269488815267695,0.4218816769298355,47.854502756257375,1.4465733649308112,0.0,145
2020-07-21,4.084767279878444,0.561301550486556,48.41580430674393,1.4465733649308112,0.0,146
2020-07-22,4.433931786255411,0.6307186939309615,49.0465230006749,1.448538334726169,0.00196496979535797,147
2020-07-23,4.943692254771722,0.8000722948529267,49.84659529552784,1.448538334726169,0.0,148
2020-07-24,5.742581327777174,1.050092140965683,50.896687436493494,1.4606505408084347,0.012112206082265008,149
2020-07-25,6.120992092796628,0.483214756095265,51.37990219258879,1.4672612949790411,0.0066107541706067596,150
2020-07-26,6.485060478642787,0.4549331354815116,51.83483532807029,1.4751575356017104,0.007896240622668863,151
2020-07-27,6.868121074653126,0.7080175849042621,52.54285291297454,1.4757291452419043,0.0005716096401942397,152
2020-07-28,7.497182790957396,1.079801389714307,53.622654302688844,1.488950653583118,0.013221508341213516,153
2020-07-29,8.144939733364447,1.0776998109464755,54.70035411363533,1.4955614077537247,0.006610754170606761,154
2020-07-30,8.972596467613517,1.1937930238333887,55.89414713746872,1.496704627034113,0.001143219280388479,155
2020-07-31,9.16804828348684,0.9273398774601804,56.821487014928884,1.4998885456966884,0.0031839186625748305,156
2020-08-01,9.418636703780221,0.35652852413804553,57.17801553906693,1.4998885456966884,0.0,157
2020-08-02,9.562044420195154,0.29613996783557994,57.474155506902505,1.5129530353656009,0.01306448966891286,158
2020-08-03,9.410149795196368,0.6668409715877598,58.14099647849026,1.5186479749602255,0.0056949395946247145,159
2020-08-04,9.684429292188275,0.8310453962812787,58.972041874771534,1.5305151952437628,0.011867220283537105,160
2020-08-05,9.954231483617974,0.8368096406847472,59.80885151545628,1.5336991139063376,0.003183918662574818,161
2020-08-06,10.041691096818107,0.7803415327952758,60.58919304825156,1.5336991139063376,0.0,162
2020-08-07,10.153061642846714,1.2222971403869785,61.811490188638544,1.5336991139063376,0.0,163
2020-08-08,10.373822795670396,0.5439230346254177,62.355413223263966,1.5336991139063376,0.0,164
2020-08-09,10.574261580879655,0.3946285763583735,62.75004179962232,1.5336991139063376,0.0,165
2020-08-10,9.607603121688165,0.4386702762296786,63.188712075852024,1.5336991139063376,0.0,166
2020-08-11,9.689883342259852,1.0516340053496755,64.24034608120172,1.5423632478327027,0.00866413392636521,167
2020-08-12,9.801211680976335,1.053272293530965,65.29361837473267,1.5423632478327027,0.0,168
2020-08-13,10.102070086152043,1.2580296375041575,66.55164801223684,1.549532099579489,0.00716885174678627,169
2020-08-14,10.179247865810918,1.1364635665576848,67.68811157879453,1.5534362257318524,0.0039041261523633563,170
2020-08-15,10.500567560349047,0.6158900311048918,68.30400160989943,1.5600469799024592,0.006610754170606767,171
2020-08-16,10.773902111427542,0.4680476419793202,68.77204925187873,1.5606185895426532,0.0005716096401942397,172
2020-08-17,10.480177669996127,0.7322776234606637,69.50432687533939,1.5830740733140136,0.022455483771360755,173
2020-08-18,10.703534676302551,1.1865825926204592,70.69090946795987,1.5830740733140136,0.0,174
2020-08-19,11.054930422563134,1.2002590319273785,71.89116849988724,1.594142019497237,0.011067946183223385,175
2020-08-20,11.308044075062394,0.991355041316704,72.88252354120392,1.6112740036864657,0.017131984189228303,176
2020-08-21,12.039632428892586,1.8986573250396035,74.7811808662435,1.6286860796554552,0.017412075968989527,177
2020-08-22,12.65841239824471,0.8090421516008398,75.59022301784434,1.6286860796554552,0.0,178
2020-08-23,12.795812914042886,0.4848441313250931,76.07506714916946,1.6356218483927467,0.006935768737291796,179
2020-08-24,12.770101022619526,1.0555482927051651,77.13061544187461,1.641438088705838,0.005816240313091259,180
2020-08-25,13.217649894906735,1.5922894624577797,78.72290490433241,1.6533107740379862,0.01187268533214822,181
2020-08-26,13.82968942126007,1.528189276657554,80.25109418098998,1.6538823836781806,0.0005716096401942397,182
2020-08-27,13.71288788615404,1.4497508562382655,81.70084503722818,1.6538823836781806,0.0,183
2020-08-28,14.539185918634756,1.972801262826657,83.67364630005487,1.6538823836781806,0.0,184
2020-08-29,15.535960581355846,1.396082211964998,85.06972851201988,1.6695179395290825,0.01563555585090184,185
2020-08-30,16.063366507553805,0.8102658540757822,85.87999436609567,1.6700895491692769,0.0005716096401942397,186
2020-08-31,15.643101604019025,0.9593261670146436,86.83932053311031,1.6706611588094709,0.0005716096401942397,187
2020-09-01,16.673448896168175,2.190513643378554,89.02983417648886,1.6789240903518297,0.008262931542358905,188
2020-09-02,18.407442134826795,2.9581569876771803,91.98799116416608,1.6789240903518297,0.0,189
2020-09-03,19.60990219311311,2.7962115520844275,94.78420271625046,1.7055133563910783,0.02658926603924825,190
2020-09-04,21.5898828787865,3.397710440250961,98.18191315650141,1.7100149056219884,0.004501549230910176,191
2020-09-05,23.32805972843755,2.2560536497555628,100.437966806257,1.7265067361383652,0.016491830516377315,192
2020-09-06,24.24284712541154,1.4658529463554464,101.90381975261243,1.7327649967105099,0.006258260572145031,193
2020-09-07,25.05134442813645,2.718833931199494,104.62265368381199,1.7431217472804803,0.010356750569970184,194
2020-09-08,28.227671323155654,4.757858245103113,109.38051192891506,1.7716315537134901,0.02850980643300931,195
2020-09-09,31.535128241733904,4.80052301847883,114.18103494739387,1.7826994998967132,0.011067946183223362,196
2020-09-10,34.987920142854506,5.992971410379847,120.1740063577738,1.8138133205768,0.031113820680086317,197
2020-09-11,37.78357792001536,6.451029962202496,126.62503631997619,1.832182052375116,0.018368731798316086,198
2020-09-12,41.301820192223026,6.380473422264598,133.00550974224086,1.8743245341476091,0.04214248177249343,199
2020-09-13,41.37844730820827,2.9963039239890734,136.00181366622985,1.8856114755338196,0.01128694138621035,200
2020-09-14,41.27018690306674,4.266954841968194,140.26876850819812,1.9187060840359949,0.03309460850217493,201
2020-09-15,46.712700436247864,7.921565047766112,148.19033355596417,1.9987745258767515,0.08006844184075708,202
2020-09-16,54.72478826341722,9.556209834686687,157.74654339065088,2.0573087761594544,0.058534250282702274,203
2020-09-17,63.62196822846696,12.993292982196836,170.73983637284772,2.0790486318203083,0.021739855660854304,204
2020-09-18,68.0136314360595,9.102823585293653,179.84265995814135,2.1337630565040038,0.05471442468369461,205
2020-09-19,71.27180629487381,7.818605356096093,187.66126531423745,2.1704769826766896,0.03671392617268621,206
2020-09-20,69.87164772095157,4.052714657871651,191.71397997210912,2.200370263027033,0.029893280350343582,207
2020-09-21,69.31409663122382,6.874763331158142,198.58874330326725,2.276245245556888,0.075874982529854,208
2020-09-22,74.91962849441896,10.05183549805713,208.64057880132444,2.3260119082060684,0.04976666264918038,209
2020-09-23,81.04496481070491,9.908070196017896,218.54864899734227,2.448785083689663,0.12277317548359573,210
2020-09-24,86.09636422203545,12.278219372732195,230.82686837007446,2.5062075859649626,0.05742250227529955,211
2020-09-25,90.84787765164913,14.058651929385071,244.88552029945944,2.5704887888486545,0.0642812028836919,212
2020-09-26,92.38972122516549,8.879961777847909,253.76548207730758,2.676578416287672,0.10608962743901727,213
2020-09-27,89.45211238660518,5.711779589131773,259.4772616664392,2.743602307955504,0.06702389166783176,214
2020-09-28,86.57310269522054,6.5450980291040795,266.0223596955434,2.8111730451400345,0.06757073718453123,215
2020-09-29,87.98294776836174,9.325715226486976,275.34807492203026,2.943568232798353,0.13239518765831734,216
2020-09-30,94.23891257858921,13.079377023915233,288.42745194594545,3.068400285337435,0.12483205253908213,217
2020-10-01,101.42937461954136,16.904426313368937,305.3318782593144,3.2326104173425687,0.16421013200513482,218
2020-10-02,108.45571315236505,18.48819194238648,323.82007020170084,3.354828155278632,0.12221773793606305,219
2020-10-03,110.54922699967348,12.328967600864676,336.1490378025656,3.421894985185176,0.06706682990654525,220
2020-10-04,107.3211515186479,7.14366165823192,343.2926994607976,3.631573823892608,0.20967883870743104,221
2020-10-05,108.93689858987177,15.4365606810619,358.7292601418595,3.7926912044810916,0.16111738058848302,222
2020-10-06,120.26402366335944,21.062823482200532,379.79208362405996,4.019668705396265,0.2269775009151731,223
2020-10-07,138.71298471549932,25.448459844957547,405.24054346901767,4.302973263939931,0.28330455854366754,224
2020-10-08,158.51748289347088,26.809459533922304,432.05000300293966,4.426928944323792,0.12395568038385953,225
2020-10-09,187.5293345438089,40.07163812877421,472.121641131714,4.740682183260916,0.3137532389371243,226
2020-10-10,197.56209246197048,23.120210119036283,495.2418512507502,5.021620343289297,0.2809381600283816,227
2020-10-11,198.33065096332896,14.760137365918775,510.001988616669,5.238639100470431,0.21701875718113334,228
2020-10-12,200.81743067103042,21.274604296867754,531.2765929135369,5.614924759407997,0.3762856589375652,229
2020-10-13,230.97612683105442,41.65704728074293,572.9336401942795,5.876789535061088,0.2618647756530921,230
2020-10-14,269.2055709635476,46.93842103111367,619.8720612253937,6.241397543767749,0.364608008706659,231
2020-10-15,300.8752954166495,48.65521410567912,668.5272753310728,6.610520821002256,0.3691232772345099,232
2020-10-16,332.8431432429977,58.19247627806361,726.7197516091362,7.086445511905236,0.475924690902981,233
2020-10-17,354.35108621661993,46.71754003840535,773.4372916475413,7.549082759507357,0.4626372476021173,234
2020-10-18,353.83649114478857,26.6543853133924,800.0916769609337,8.001826077731746,0.4527433182243888,235
2020-10-19,363.41515217888406,41.17434125373282,841.2660182146667,8.607763708220068,0.6059376304883248,236
2020-10-20,401.9604861321428,62.56566567055012,903.8316838852173,9.259556329394114,0.6517926211740442,237
2020-10-21,462.01674690935533,78.17592419037857,982.0076080755954,10.05598526919096,0.7964289397968431,238
2020-10-22,511.3404305746795,75.48238566684984,1057.4899937424452,10.758023692940919,0.7020384237499634,239
2020-10-23,545.9572745858734,80.01039218976409,1137.5003859322094,11.425097477738195,0.6670737847972693,240
2020-10-24,573.3153773362267,70.36633040283276,1207.866716335042,12.20328759860131,0.7781901208631258,241
2020-10-25,554.3245044619725,39.38864612130026,1247.255362456343,13.107420327761002,0.9041327291596885,242
2020-10-26,541.3629057633924,52.819157739492255,1300.074520195835,14.075300991786998,0.967880664025996,243
2020-10-27,577.644089060443,84.16364269447706,1384.238162890312,15.260197456342794,1.1848964645558056,244
2020-10-28,624.2651983586193,70.59179155093705,1454.8299544412487,16.219635481040054,0.9594380246972446,245
2020-10-29,623.669071578929,69.6254329070572,1524.4553873483062,17.358875300808027,1.139239819767979,246
2020-10-30,619.7301306512321,76.14658046210025,1600.6019678104062,18.635648231612674,1.2767729308046425,247
2020-10-31,604.8740296147532,65.42909558907716,1666.0310633994836,19.854917580847886,1.2192693492352171,248
2020-11-01,564.1378512400365,35.50302014877714,1701.5340835482612,21.179490117240533,1.3245725363926453,249
2020-11-02,525.5428315616791,51.71007111119279,1753.2441546594534,22.48732516737618,1.3078350501356488,250
2020-11-03,556.5012806183419,68.18836760394065,1821.4325222633945,24.01253066439937,1.5252054970231874,251
2020-11-04,611.6306566967967,86.24718218687505,1907.6797044502684,25.36849393793211,1.3559632735327347,252
2020-11-05,593.3225873644654,76.79372750944002,1984.4734319597094,26.55097090244209,1.1824769645099835,253
2020-11-06,565.5750482800756,67.0784098486766,2051.5518418083857,27.77869713549067,1.2277262330485732,254
2020-11-07,569.8490740263802,45.16288553940025,2096.7147273477867,28.97887672137493,1.2001795858842763,255
2020-11-08,501.947254601574,19.04830343461418,2115.7630307824006,30.198021136195308,1.2191444148203634,256
2020-11-09,452.506335519618,33.147028089266236,2148.910058871667,31.277472029834186,1.0794508936388856,257
2020-11-10,466.68422873548826,52.59961939136414,2201.509678263031,32.490752726521,1.2132806966868013,258
2020-11-11,486.5940203256309,49.59357775156749,2251.103256014598,33.51593726777217,1.0251845412511875,259
2020-11-12,453.8356010929401,46.27082766993664,2297.3740836845354,34.4499720122697,0.9340347444975192,260
2020-11-13,419.39791727721223,41.702165976021796,2339.076249660557,35.391345170807064,0.94137315853736,261
2020-11-14,371.4683071692058,23.626279629638724,2362.702529290196,36.522139505061716,1.1307943342546614,262
2020-11-15,316.5705561525893,9.182597403949137,2371.8851266941438,37.31914315376325,0.7970036487015435,263
2020-11-16,287.5152633345407,30.897687329013092,2402.7828140231572,38.3533264699466,1.034183316183336,264
2020-11-17,289.61524225109366,23.698151750988092,2426.4809657741457,39.12075792256634,0.7674314526197354,265
2020-11-18,301.86615506870857,31.1883733384342,2457.66933911258,40.02816544769119,0.9074075251248628,266
2020-11-19,284.83972756397765,37.734131698505884,2495.4034708110844,40.811642525614225,0.7834770779230481,267
2020-11-20,265.61398260274035,32.638738694850545,2528.042209505937,41.50235902741535,0.6907165018011194,268
2020-11-21,240.04970311656186,17.418573197037052,2545.4607827029736,42.24594421891813,0.743585191502759,269
2020-11-22,211.07681114000528,7.581908712478838,2553.0426914154527,42.96923383057723,0.723289611659115,270
2020-11-23,198.7838035933789,25.327761217038702,2578.370452632491,43.66875721718125,0.6995233866040258,271
2020-11-24,214.1531784868737,32.967936869457326,2611.338389501947,44.4129767171478,0.7442194999665338,272
2020-11-25,229.9724914470649,27.20059249495602,2638.538981996905,45.04748601418285,0.634509297035048,273
2020-11-26,209.8844000736116,23.238955584438205,2661.777937581341,45.794571842345896,0.7470858281630542,274
2020-11-27,217.37779257055638,24.33936882295166,2686.1173064042937,46.53081065759539,0.7362388152494784,275
2020-11-28,193.6273098041956,14.468903976123636,2700.586210380417,47.22429084182005,0.6934801842246784,276
2020-11-29,166.0956527455645,5.0975221530936485,2705.6837325335105,47.730328879004155,0.5060380371841025,277
2020-11-30,154.64324510755898,19.23287415297842,2724.9166066864896,48.46787582417488,0.7375469451706884,278
2020-12-01,168.91919647812983,28.13842840653264,2753.0550350930225,49.026048458057225,0.5581726338823767,279
2020-12-02,184.99604055857347,24.75492985999599,2777.8099649530195,49.627389128836406,0.6013406707791865,280
2020-12-03,176.28547943771102,24.799882880810824,2802.6098478338286,50.13263607317852,0.5052469443421094,281
2020-12-04,172.83927073989398,26.30197476462141,2828.91182259845,50.64023379632467,0.5075977231461554,282
2020-12-05,166.3544123868365,17.912293630375963,2846.8241162288264,51.32863419261096,0.6884003962862886,283
2020-12-06,151.78525885474414,5.584570483983729,2852.408686712809,51.801485616120885,0.4728514235099187,284
2020-12-07,148.3608272065953,22.904827746386232,2875.313514459197,52.298789346989004,0.4973037308681349,285
2020-12-08,168.83929866661543,30.764243726244636,2906.07775818544,52.82014622265893,0.5213568756699382,286
2020-12-09,196.21957541099513,34.96124664303957,2941.0390048284803,53.24918059896154,0.42903437630261804,287
2020-12-10,198.08045302813332,31.4918401458325,2972.530844974313,53.896103715181894,0.6469231162203399,288
2020-12-11,203.37995295991607,32.72592423387404,3005.256769208188,54.45126517856614,0.5551614633842326,289
2020-12-12,198.73537140062274,18.967297414061868,3024.2240666222497,54.934386203774174,0.4831210252080379,290
2020-12-13,186.33025784150772,10.031516566863043,3034.2555831891127,55.46123402673093,0.5268478229567539,291
2020-12-14,187.05115454520373,27.566368197246103,3061.821951386359,56.224329370678504,0.7630953439475519,292
2020-12-15,216.66003054551362,40.892424719087074,3102.7143761054444,56.80918901947819,0.5848596487996978,293
2020-12-16,250.63779631160472,42.787648893155016,3145.5020249986,57.45432310162958,0.6451340821513788,294
2020-12-17,255.98527095023388,39.77503719734838,3185.277062195949,58.04012141998353,0.5857983183539729,295
2020-12-18,267.14381852143845,44.76592462053199,3230.0429868164806,58.56242840073593,0.5223069807523725,296
2020-12-19,263.7636920669028,26.78163744840021,3256.824624264881,59.133881514331435,0.5714531135955319,297
2020-12-20,248.20120448042263,14.387436625259529,3271.2120608901405,59.67108542755393,0.5372039132224904,298
2020-12-21,254.87606848153172,41.06852713274022,3312.2805880228816,60.21951294184096,0.5484275142870381,299
2020-12-22,296.41635689211415,56.65810151205982,3368.9386895349394,60.6884404086231,0.4689274667821287,300
2020-12-23,358.77922315011324,72.22371626497613,3441.1624057999165,61.287296892401336,0.5988564837782159,301
2020-12-24,338.0544489500278,20.164788917084575,3461.3271947170006,61.92440102755193,0.6371041351506114,302
2020-12-25,310.1025960945906,13.888547676614495,3475.215742393615,62.50395594005023,0.5795549124982858,303
2020-12-26,285.24685864911226,15.294060824514506,3490.5098032181304,63.235148104108475,0.7311921640582741,304
2020-12-27,264.4240872480203,17.168781292187052,3507.6785845103186,63.89271787931092,0.6575697752024462,305
2020-12-28,276.28906260396496,56.020221999869975,3563.698806510186,64.62711360812649,0.7343957288155997,306
2020-12-29,339.69415229315035,82.89507073190913,3646.593877242096,65.35965747396854,0.732543865842012,307
2020-12-30,409.705988347644,86.31164358228884,3732.905520824385,66.22091493034432,0.8612574563758032,308
2020-12-31,421.9304130882908,69.9604060278121,3802.8659268521974,66.88370976942251,0.6627948390781685,309
2021-01-01,377.17082728410463,17.978188491030817,3820.844115343228,67.7506447522107,0.8669349827882148,310
2021-01-02,343.6824301852508,23.49029041156103,3844.334405754789,68.58201445353882,0.8313697013281094,311
2021-01-03,361.2615720311165,28.670471069322534,3873.004876824111,69.39216730600036,0.8101528524615469,312
2021-01-04,414.68594811899106,66.81738247098015,3939.822259295093,70.29226053834348,0.9000932323431236,313
2021-01-05,483.49764630930633,88.95302827622568,4028.7752875713177,71.33604310922311,1.0437825708796122,314
2021-01-06,552.6154223751246,93.44418101379576,4122.219468585115,72.24133036790114,0.9052872586780248,315
2021-01-07,554.480531881224,77.26752272961001,4199.486991314723,73.22224945328756,0.9809190853864216,316
2021-01-08,543.8435340332571,71.05023877013613,4270.537230084862,74.17491334462864,0.9526638913410562,317
2021-01-09,506.75534529769163,45.36720289240776,4315.904432977265,75.07045679793455,0.8955434533059503,318
2021-01-10,477.71456502882273,20.667620413555554,4336.5720533908225,76.06684592137925,0.9963891234446758,319
2021-01-11,515.4429982602335,49.14081114935665,4385.712864540179,77.03874966976609,0.9719037483868548,320
2021-01-12,541.172142860746,58.507495875491685,4444.220360415671,77.97061104455672,0.9318613747906404,321
2021-01-13,570.1426071440353,60.151089939550964,4504.371450355223,78.90061926345672,0.9300082188999972,322
2021-01-14,519.4466109954178,44.10759841628601,4548.479048771507,79.87374968602695,0.9731304225701962,323
2021-01-15,480.25715973216666,51.07081554327958,4599.549864314785,80.8694324135852,0.9956827275582688,324
2021-01-16,428.5628894664195,27.4324348611654,4626.982299175953,81.69150802445989,0.8220756108747016,325
2021-01-17,369.1586393948143,12.031114997821774,4639.013414173776,82.59154662604477,0.9000386015848642,326
2021-01-18,340.1423424025697,41.75490549583471,4680.768319669612,83.44634807261856,0.8548014465738023,327
2021-01-19,366.143569959932,53.77599316962222,4734.544312839233,84.30848623206288,0.8621381594442651,328
2021-01-20,388.5789066884245,44.91518409885907,4779.4594969380905,85.09278685852549,0.7843006264626088,329
2021-01-21,365.4231487154406,43.3986900494693,4822.858186987561,85.91433531183918,0.8215484533137182,330
2021-01-22,353.95196374434227,46.203019379032135,4869.061206366591,86.69052185236544,0.7761865405262703,331
2021-01-23,323.5258482036517,23.36892993713572,4892.43013630373,87.51148826260432,0.8209664102388696,332
2021-01-24,291.50322148138594,11.731876277282215,4904.1620125810105,88.28779506208767,0.7763067994833915,333
2021-01-25,281.1666607673676,38.11216442370987,4942.274177004717,89.08936283040082,0.8015677683131212,334
2021-01-26,311.98864139116347,50.262689109419576,4992.536866114141,89.91773481711004,0.8283719867092233,335
2021-01-27,345.7167982469619,49.07865417168314,5041.615520285824,90.84559950789006,0.9278646907799804,336
2021-01-28,337.48867118430803,45.7572026092389,5087.372722895063,91.66912292046256,0.823523412572516,337
2021-01-29,332.80130985532656,45.71761158667639,5133.090334481735,92.55865959529119,0.8895366748286642,338
2021-01-30,309.61114687889966,22.01311198366398,5155.103446465404,93.29866212244349,0.7400025271522925,339
2021-01-31,283.9163605748556,13.879899163122149,5168.983345628525,94.00504416876316,0.7063820463196522,340
2021-02-01,280.90075798429325,40.422557262304274,5209.405902890827,94.85749069818868,0.8524465294255317,341
2021-02-02,314.4865193284988,51.6383754705765,5261.044278361406,95.66208358656596,0.8045928883773208,342
2021-02-03,356.67514252765795,56.550977179310685,5317.595255540714,96.44129570416908,0.7792121176030632,343
2021-02-04,348.5150092463928,47.040688564850846,5364.635944105568,97.26315805574151,0.8218623515724762,344
2021-02-05,346.38871036923905,49.49552267760392,5414.13146678317,98.02667337550504,0.7635153197634877,345
2021-02-06,328.3550460468267,26.38393111503269,5440.515397898202,98.77869151298664,0.7520181374816249,346
2021-02-07,301.8982990377089,12.776835527966051,5453.292233426168,99.57456118656401,0.7958696735773686,347
2021-02-08,298.3618584707865,41.997075557902456,5495.2893089840745,100.39203239355862,0.8174712069945893,348
2021-02-09,341.4098247003535,58.825023141092316,5554.114332125165,101.16205029794224,0.7700179043836185,349
2021-02-10,382.1124739916795,55.787508685923775,5609.901840811086,101.98122537477987,0.8191750768376355,350
2021-02-11,378.56956807857813,52.11920831114493,5662.0210491222315,102.6759192218648,0.694693847084907,351
2021-02-12,374.9150366071708,50.62275645818716,5712.643805580418,103.45225559178483,0.7763363699200434,352
2021-02-13,353.45578443107564,27.886865516005965,5740.530671096424,104.13772991292672,0.6854743211418503,353
2021-02-14,322.58868367423975,13.56224627437617,5754.092917370802,105.05304764668304,0.9153177337563856,354
2021-02-15,322.8252171343078,49.81879682033672,5803.911714191137,105.88223531042445,0.8291876637413939,355
2021-02-16,378.93017318681916,73.34809406187605,5877.259808253018,106.77768527772731,0.8954499673028689,356
2021-02-17,426.69555404449767,62.90328618747414,5940.16309444049,107.59228564554363,0.8146003678162981,357
2021-02-18,434.58418301639364,68.23287767049322,6008.39597211098,108.63472554695129,1.0424399014076973,358
2021-02-19,443.94497495413356,65.81974260353603,6074.215714714518,109.79663405085438,1.161908503903114,359
2021-02-20,426.8474514257769,37.15674150343782,6111.372456217955,110.8660957178828,1.069461667028383,360
2021-02-21,399.6661590906671,20.43906603973817,6131.811522257692,111.74783757670815,0.8817418588253364,361
2021-02-22,410.1882544136492,64.3067879775632,6196.118310235258,112.8077457934429,1.0599082167347424,362
2021-02-23,479.9643069856971,89.21571606299351,6285.334026298251,113.6814690168584,0.8737232234154932,363
2021-02-24,542.5264730505588,80.0302738875567,6365.364300185808,114.54351889572138,0.8620498788629999,364
2021-02-25,558.2279975274018,85.50446098679328,6450.8687611726,115.60991484085841,1.0663959451370597,365
2021-02-26,578.3240346305772,84.9443462665907,6535.813107439192,116.759668931025,1.1497540901665606,366
2021-02-27,555.9209473149733,41.839732967111495,6577.652840406301,117.83490894320695,1.0752400121819234,367
2021-02-28,515.1747230640059,22.417569555312074,6600.070409961611,118.9666204527948,1.13171150958783,368
2021-03-01,515.0554860548914,67.54619021837578,6667.616600179993,120.18544304167123,1.2188225888764586,369
2021-03-02,583.8177286992726,94.47487858021299,6762.091478760202,121.40531495427736,1.2198719126061806,370
2021-03-03,649.504259288737,87.95062797125908,6850.042106731464,122.58226073842758,1.1769457841502229,371
2021-03-04,642.9946940797894,82.16674723272423,6932.2088539641845,123.85711216290142,1.2748514244738058,372
2021-03-05,632.6497277644081,75.97169649104589,7008.180550455234,124.8215406213872,0.9644284584857884,373
2021-03-06,599.8544189718758,48.432011388044465,7056.612561843276,126.12538835769782,1.3038477363106469,374
2021-03-07,544.1636052341375,19.839906704251188,7076.452468547528,127.32476123659805,1.1993728789002454,375
2021-03-08,527.8449443520893,59.386755658954385,7135.839224206485,128.6799845903345,1.3552233537363905,376
2021-03-09,583.4410015248369,85.09634641543401,7220.935570621918,130.05451805749993,1.374533467165457,377
2021-03-10,641.0104062609103,84.66272074561131,7305.598291367532,131.46165679957858,1.407138742078634,378
2021-03-11,700.7402741163603,64.73914225532133,7370.337433622849,132.75097881146272,1.2893220118842277,379
2021-03-12,779.8167759326552,84.74359655206716,7455.081030174921,133.9401525649149,1.189173753452125,380
2021-03-13,815.4625779754901,38.33318580397497,7493.414215978893,134.97921912573537,1.0390665608204102,381
2021-03-14,830.3494607370433,17.523880473203658,7510.938096452096,136.19426024886306,1.2150411231277067,382
2021-03-15,790.5878166518364,56.79721659666683,7567.7353130487645,137.57189302427258,1.3776327754096092,383
2021-03-16,780.0677026334547,79.23076118180316,7646.966074230564,138.78774193917,1.215848914897344,384
2021-03-17,763.5301779931006,67.69635368418413,7714.662427914744,139.98610482078223,1.1983628816122114,385
2021-03-18,745.4646136275618,60.98411094613226,7775.64653886088,141.2319971459115,1.2458923251292624,386
2021-03-19,720.5119992209102,52.72152689551197,7828.368065756392,142.19999281068525,0.967995664773704,387
2021-03-20,725.9047869238833,30.88984366958236,7859.2579094259745,143.15733331930306,0.9573405086178972,388
2021-03-21,715.0952489128326,11.723106399818725,7870.981015825795,144.28853706166217,1.1312037423590902,389
2021-03-22,669.4462049329995,44.05514212067885,7915.036157946469,145.48502892880526,1.1964918671430762,390
2021-03-23,645.252824791566,61.23979098863036,7976.275948935103,146.5521896860745,1.0671607572692483,391
2021-03-24,618.4327455746793,49.669010280651435,8025.944959215752,147.57367894587938,1.0214892598047771,392
2021-03-25,589.7748322249963,43.22135625498699,8069.166315470741,148.4706282817522,0.8969493358729739,393
2021-03-26,561.8452792143364,42.439079954799354,8111.605395425542,149.37874767112237,0.9081193893701744,394
2021-03-27,559.7811197682562,20.71548764379501,8132.320883069335,150.39822016340855,1.0194724922861134,395
2021-03-28,549.2884599759003,8.177495124939657,8140.498378194278,150.99715360935733,0.5989334459487675,396
2021-03-29,503.3918835905152,35.85084185313204,8176.349220047406,151.9413687106661,0.9442151013088068,397
2021-03-30,476.9489310904783,47.373668597549674,8223.72288864496,152.87083680540502,0.9294680947389008,398
2021-03-31,452.5964709761215,38.78878686709282,8262.511675512043,153.8173069883822,0.9464701829771824,399
2021-04-01,431.395362403061,33.66034242019617,8296.172017932247,154.6467710282358,0.8294640398536314,400
2021-04-02,397.5682711069817,19.925185033318108,8316.097202965568,155.24844282411942,0.6016717958835642,401
2021-04-03,393.12245576222136,10.934630703266084,8327.031833668829,155.9849729054763,0.7365300813568996,402
2021-04-04,387.89511589856437,9.08858415000525,8336.120417818836,156.8410494385474,0.856076533071019,403
2021-04-05,333.8219142596475,7.47170815432865,8343.592125973166,157.51363979647206,0.6725903579247378,404
2021-04-06,307.87527151169024,29.228035297296096,8372.820161270454,158.15174815466733,0.6381083581952595,405
2021-04-07,296.622547089464,37.35477644392945,8410.174937714388,158.82593510335224,0.6741869486849775,406
2021-04-08,285.20277451796767,28.158805096809587,8438.333742811197,159.54845701406097,0.722521910708684,407
2021-04-09,269.2296145528788,25.822543737468663,8464.15628654867,160.11125042413573,0.5627934100748354,408
2021-04-10,268.91271767273577,11.319573436414574,8475.475859985088,160.64385801897376,0.5326075948379226,409
2021-04-11,263.1257229475597,4.804601328873346,8480.28046131396,161.15899687622115,0.5151388572474221,410
2021-04-12,231.3311808678384,19.454790619270998,8499.735251933229,161.63662061449668,0.4776237382755314,411
2021-04-13,217.31002190625213,27.735823362286876,8527.471075295514,162.1168684172538,0.480247802757115,412
2021-04-14,200.80996928992408,19.27450937570428,8546.745584671222,162.52714356668488,0.4102751494310788,413
2021-04-15,185.7603784243088,17.718954816397797,8564.464539487613,163.04485946290453,0.5177158962196523,414
2021-04-16,188.6301065315988,16.616054665564032,8581.08059415318,163.383559682784,0.33870021987955456,415
2021-04-17,186.21520331176663,7.779357482539428,8588.85995163572,163.81985460632868,0.4362949235445846,416
2021-04-18,181.2168501039497,3.9897425321638846,8592.849694167884,164.32018144923356,0.5003268429048624,417
2021-04-19,189.8288872037304,17.584846820747906,8610.434540988637,164.68631328327572,0.3661318340422213,418
2021-04-20,169.45763938936489,20.231042530663487,8630.665583519296,165.0020826939512,0.31576941067544434,419
2021-04-21,151.9178052410893,15.383602570593176,8646.049186089887,165.35972196719382,0.3576392732426306,420
2021-04-22,141.86872164994728,14.202802009786966,8660.251988099677,165.66824209583376,0.30852012863994444,421
2021-04-23,133.7458662847319,13.922037381687904,8674.174025481363,165.94586212652123,0.2776200306874347,422
2021-04-24,133.46478485942737,6.5785367509478245,8680.75256223231,166.24189093077084,0.2960288042496171,423
2021-04-25,131.19838018774894,3.813819645125562,8684.566381877441,166.5423184048341,0.3004274740632709,424
2021-04-26,116.09722038657007,13.563847422418645,8698.130229299853,166.85111916140448,0.3088007565704142,425
2021-04-27,110.93447502607073,16.755399709807254,8714.885629009661,167.14577871552186,0.2946595541173281,426
2021-04-28,104.98301319705513,13.088492856294978,8727.97412186596,167.50187844283795,0.3560997273160761,427
2021-04-29,101.7157413108843,12.32176475170397,8740.295886617667,167.73833291094724,0.2364544681092904,428
2021-04-30,96.71598726337419,10.897216768785293,8751.193103386446,168.0165080151707,0.2781751042234835,429
2021-05-01,97.49269165840236,6.050677206865232,8757.243780593313,168.20399124762483,0.18748323245411616,430
2021-05-02,96.04135518134576,2.5526947067500316,8759.796475300063,168.4046608724623,0.20066962483751866,431
2021-05-03,84.55102988231262,10.867695259283913,8770.66417055935,168.63699892374225,0.2323380512798944,432
2021-05-04,80.39719969971883,12.910007005844633,8783.574177565193,168.8565034702159,0.2195045464736652,433
2021-05-05,76.10434016848711,9.818686636078516,8793.39286420127,169.03902624721755,0.1825227770016297,434
2021-05-06,70.99366844518454,8.157310786012168,8801.55017498728,169.23980577747625,0.2007795302587281,435
2021-05-07,65.66198801685832,8.491438514907156,8810.041613502191,169.41027882548778,0.1704730480115588,436
2021-05-08,65.34223955275192,3.4978627084245697,8813.539476210613,169.57931262350505,0.16903379801726925,437
2021-05-09,64.20393298707152,1.7357682036108475,8815.275244414222,169.7350485896321,0.15573596612703056,438
2021-05-10,54.5936726705518,7.804527688617054,8823.079772102843,169.90318852759663,0.16813993796454232,439
2021-05-11,50.47291869138233,8.815990215074525,8831.895762317914,170.1057126434253,0.2025241158286349,440
2021-05-12,45.92172844425317,6.721184050653963,8838.616946368567,170.3037273131225,0.19801466969717604,441
2021-05-13,41.8229764328072,6.157836489951854,8844.77478285852,170.4562563776001,0.1525290644776616,442
2021-05-14,37.506562277734794,5.433165124692823,8850.207947983212,170.55755605258338,0.10129967498321814,443
2021-05-15,37.419743440797966,2.8581799870411366,8853.06612797025,170.63227802192137,0.0747219693380085,444
2021-05-16,36.21498940369786,1.048827710706925,8854.114955680965,170.70224526674113,0.06996724481978353,445
2021-05-17,29.860260097397227,5.933737588853109,8860.048693269817,170.79597115666036,0.09372588991921002,446
2021-05-18,26.395650241723647,5.80138474492817,8865.850078014746,170.86261458168428,0.06664342502389066,447
2021-05-19,22.467795006740843,3.730265718691832,8869.580343733436,170.94705571057509,0.08444112889090244,448
2021-05-20,20.152847694591717,3.45418647704817,8873.034530210485,171.04348105908937,0.09642534851426622,449
2021-05-21,17.164591715582823,3.4658367965388237,8876.500367007024,171.1031447324731,0.05966367338370219,450
2021-05-22,17.133517224733303,1.4433702546060525,8877.943737261632,171.15858430759337,0.05543957512023534,451
2021-05-23,16.620026964193105,0.86864528041835,8878.81238254205,171.23866678771026,0.0800824801168981,452
2021-05-24,12.68656688502239,3.5400635257484705,8882.352446067795,171.29155188815358,0.05288510044334771,453
2021-05-25,10.926235535073774,3.3073099500519554,8885.659756017849,171.32534845067076,0.03379656251710022,454
2021-05-26,8.878465055090366,2.6218935197478275,8888.281649537601,171.38054245660703,0.05519400593623421,455
2021-05-27,8.088112131297537,2.5782640974871422,8890.859913635084,171.44440222902278,0.06385977241576901,456
2021-05-28,7.177112109646862,2.37540240861062,8893.235316043694,171.47440690549288,0.030004676470130675,457
2021-05-29,6.998796797978258,1.016139041549068,8894.251455085245,171.5028737308864,0.028466825393499564,458
2021-05-30,6.6335812685965765,0.4309678690900425,8894.682422954333,171.51887016865453,0.015996437768129302,459
2021-05-31,4.857942089621059,2.635194100061332,8897.317617054396,171.54915333657826,0.030283167923786512,460
2021-06-01,3.987578852911973,2.322305577416834,8899.63992263181,171.58347186476146,0.034318528183217345,461
2021-06-02,3.3236964862688017,1.7322233027565743,8901.372145934565,171.5999567463343,0.016484881572884358,462
2021-06-03,2.7833138694575723,1.968256565593535,8903.340402500158,171.6189340820829,0.018977335748546317,463
2021-06-04,2.288946099125164,1.6955558304999796,8905.035958330656,171.6500590979574,0.031125015874560708,464
2021-06-05,2.1827699757150354,0.7421268150578665,8905.778085145721,171.66883003156912,0.018770933611718117,465
2021-06-06,2.070454906094217,0.40852227511896977,8906.186607420837,171.67648720536369,0.007657173794580672,466
2021-06-07,1.4871363107937268,1.4273197512334204,8907.613927172068,171.68403436559015,0.0075471602264455375,467
2021-06-08,1.175718733087211,1.9451148978941881,8909.559042069966,171.70888441293502,0.024850047344810947,468
2021-06-09,0.9781178784793676,1.2027668577987545,8910.76180892777,171.71806453626587,0.009180123330883892,469
2021-06-10,0.8231607355609484,1.005951461139145,8911.7677603889,171.74118091569133,0.02311637942543446,470
2021-06-11,0.6734786580680578,0.8544293064976591,8912.622189695398,171.7519138624676,0.010732946776255024,471
2021-06-12,0.65969285400665,0.28182029112033585,8912.904009986516,171.76573679207908,0.013822929611514495,472
2021-06-13,0.6411023361582351,0.15006006801579738,8913.054070054535,171.77246455811462,0.006727766035586454,473
2021-06-14,0.4201426948567079,0.8864401621327125,8913.94051021667,171.77246455811462,0.0,474
2021-06-15,0.2726609284434172,1.0304136427351234,8914.970923859404,171.79191690228137,0.019452344166700185,475
2021-06-16,0.2292830534637827,0.6010674395212845,8915.571991298928,171.8005660092659,0.008649106984560527,476
2021-06-17,0.20449569633256287,0.6526147911860365,8916.224606090114,171.8162241653644,0.015658156098422752,477
2021-06-18,0.16731466063573328,0.5585135944201102,8916.783119684535,171.8266937779963,0.010469612631926566,478
2021-06-19,0.14252730350451354,0.2414679476532668,8917.024587632184,171.8266937779963,0.0,479
2021-06-20,0.13633046422170858,0.16303338179755278,8917.18762101398,171.83888039383288,0.012186615836605292,480
2021-06-21,0.07436207139365925,0.3941059538949048,8917.581726967876,171.8471433253753,0.008262931542359032,481
2021-06-22,0.024787357131219743,0.4623020814963698,8918.044029049373,171.86632127161764,0.019177946242360043,482
2021-06-23,0.0,0.3873418445966309,8918.43137089397,171.86632127161764,0.0,483
2021-06-24,0.0,0.2951716505987618,8918.726542544568,171.87045527182025,0.00413400020263983,484
2021-06-25,0.0,0.4647870309204639,8919.191329575491,171.87557860177466,0.00512332995443046,485
2021-06-26,0.0,0.1894955458389207,8919.380825121329,171.880394238028,0.004815636253302197,486
2021-06-27,0.0,0.1364730045847682,8919.517298125913,171.880394238028,0.0,487
2021-06-28,0.0,0.4094266410209093,8919.926724766934,171.880394238028,0.0,488
2021-06-29,0.0,0.5811892684156434,8920.507914035348,171.880394238028,0.0,489
2021-06-30,0.0,0.3659564236207249,8920.873870458972,171.8856507041409,0.00525646611293022,490
2021-07-01,0.0,0.5704465459917871,8921.444317004965,171.88797902512238,0.002328320981429215,491
2021-07-02,0.0,0.5728590883888803,8922.017176093355,171.8923948502296,0.004415825107299725,492
2021-07-03,0.0,0.341919318750685,8922.359095412103,171.8923948502296,0.0,493
2021-07-04,0.0,0.2712897461387911,8922.630385158242,171.90029109085228,0.007896240622668908,494
2021-07-05,0.0,0.4774003251731847,8923.107785483415,171.90029109085228,0.0,495
2021-07-06,0.0,0.3651585412470983,8923.47294402466,171.90029109085228,0.0,496
2021-07-07,0.0,0.8593618582785592,8924.332305882941,171.90029109085228,0.0,497
2021-07-08,0.0,1.0870034433520657,8925.419309326291,171.90029109085228,0.0,498
2021-07-09,0.0,1.101270134164151,8926.520579460459,171.90029109085228,0.0,499
2021-07-10,0.0,0.6747845640597977,8927.195364024517,171.90029109085228,0.0,500
2021-07-11,0.0,0.5181567229825184,8927.713520747497,171.90413530631938,0.003844215467105035,501
2021-07-12,0.0,1.028490257884611,8928.742011005383,171.90413530631938,0.0,502
2021-07-13,0.0,1.3183280047462782,8930.060339010131,171.90413530631938,0.0,503
2021-07-14,0.0,1.1487711447949187,8931.209110154921,171.90413530631938,0.0,504
2021-07-15,0.0,0.936179480962722,8932.145289635884,171.90413530631938,0.0,505
2021-07-16,0.0,0.9196556401891696,8933.064945276075,171.911625085005,0.007489778685597533,506
2021-07-17,0.0,0.7576542127934711,8933.822599488869,171.911625085005,0.0,507
2021-07-18,0.0,0.40644726620904603,8934.229046755077,171.911625085005,0.0,508
